{
    "01": [
        -0.22817348451627723,
        0.014677274058082272,
        -Infinity,
        -Infinity,
        0.0,
        0.0,
        0.0007949540549287505
    ],
    "02": [
        -0.019273830134712025,
        0.038032047727928814,
        0.0028041331908390706,
        32645472223171.55,
        0.0,
        0.026691797213212777,
        0.0
    ],
    "07": [
        0.04576043068640646,
        0.03335638826918453,
        3.6812301160539885e-05,
        1275352928.0,
        0.0,
        0.005862249229228158,
        0.0
    ],
    "09": [
        -0.06329772849375864,
        -0.021347688806186364,
        0.005079148843731365,
        473436139955360.8,
        0.0,
        0.0063186156589759195,
        0.0
    ],
    "10": [
        -0.3220860073685799,
        -0.22189745111398096,
        0.00020305339927901276,
        225777297618.22223,
        0.0,
        0.0,
        0.0
    ],
    "12": [
        -0.020390132904513414,
        0.09845235071103677,
        0.002522221079823714,
        1.5264050514666666e+16,
        0.0,
        0.018736439434002362,
        0.0
    ],
    "13": [
        -0.09038427461058883,
        0.032991036559055664,
        0.008211875528056274,
        2363118020666666.5,
        0.0,
        0.0,
        0.0
    ],
    "14": [
        -0.05936540816696635,
        -0.002261985844796679,
        0.0016333958273322855,
        2372878997455016.5,
        0.0,
        0.0025051425964051173,
        0.0
    ],
    "15": [
        0.037663344052716125,
        0.0109825088151328,
        0.0003757308506900861,
        155724565198953.66,
        0.0,
        0.0017067526553894777,
        0.005203801762034258
    ],
    "16": [
        0.02325334745333581,
        0.06472366169226842,
        0.0007984411126105305,
        156948976888888.9,
        0.0,
        0.04090695621137264,
        0.0
    ],
    "17": [
        -0.005481861948181482,
        0.02445632966566925,
        0.0021634120183208765,
        82944506000000.0,
        0.0,
        0.008630984155876164,
        0.0
    ],
    "20": [
        0.032074109121697336,
        0.07483821324330453,
        0.0001943823434721438,
        4284691593904.888,
        0.0,
        0.020653871341494132,
        0.028598149693296535
    ],
    "21": [
        -0.0342861697689007,
        -0.14525621398283523,
        0.0007484757726773535,
        713567767054.5557,
        0.0,
        0.0,
        0.011801420062749285
    ],
    "22": [
        0.09397306329521662,
        0.0802131326747547,
        0.00024898568407074456,
        8920717393708.225,
        0.0,
        0.0164443460823961,
        0.0
    ],
    "23": [
        0.04033757529615788,
        0.10626050052184904,
        0.0003276735972260744,
        94442678222222.22,
        0.0,
        0.02588442703560423,
        0.005773568937118809
    ],
    "24": [
        0.0688324220006433,
        0.1281779661016949,
        0.0006485891867338332,
        26953140222222.223,
        0.0,
        0.044837811124090216,
        0.0018316168466884367
    ],
    "25": [
        0.09760453473965261,
        0.11527538634890992,
        0.0012269447170061903,
        328036018777777.75,
        0.0005341455660402576,
        0.03266899597474893,
        0.01409116861541635
    ],
    "26": [
        0.04300709808501385,
        0.09993627658930025,
        0.00043052774056624217,
        1249561467262234.5,
        0.001166473834948694,
        0.03912798097648608,
        0.0
    ],
    "27": [
        0.009857343166410912,
        0.08492884201904372,
        0.0015324846747033528,
        74015555555555.55,
        0.0,
        0.012447832435093002,
        0.0023008643032407673
    ],
    "28": [
        -0.2676825166865007,
        -0.3004031262854792,
        0.004463668868246825,
        24097216810764.223,
        0.16331414556469695,
        0.005583942793645185,
        0.0
    ],
    "29": [
        0.03009595179726492,
        0.07825360616437471,
        0.0015891259320634735,
        2.579732661355555e+16,
        0.0,
        0.016867200265720507,
        0.0
    ],
    "30": [
        0.01487708315248362,
        0.07864204239361368,
        0.0003180781313632489,
        34474347555555.56,
        0.013344008540165465,
        0.03595197217759381,
        0.0
    ],
    "31": [
        0.0507057728590687,
        0.12171376930660532,
        0.0006095425466404354,
        145894710888888.9,
        0.0,
        0.030466948695379366,
        0.04990962865593165
    ],
    "32": [
        0.061898091124760815,
        0.11283396632756826,
        0.00041142668833798535,
        735374711222222.2,
        0.0022818875400690366,
        0.04439204113795758,
        0.00021689004866236382
    ],
    "33": [
        -0.017985079145111705,
        0.07930620704701648,
        0.001898983869865666,
        4949468953555555.0,
        0.0,
        0.027984258854394404,
        0.0
    ],
    "34": [
        0.034739188715501024,
        0.09105302528081881,
        0.000503430108076409,
        50313726111111.11,
        0.003811460109506527,
        0.021501934888690927,
        0.0007883167761460596
    ],
    "35": [
        -0.012040670709953622,
        0.059356910466049774,
        0.001047166138824645,
        70153738666666.664,
        0.025456810631229235,
        0.013312888938219632,
        0.0008980802412243528
    ],
    "36": [
        -0.04770286523875328,
        0.03019556739376538,
        0.002448302129298288,
        42084866788158.11,
        0.06043321538457007,
        0.013168682593080645,
        3.291725917733186e-05
    ],
    "37": [
        0.03755281389364419,
        0.0886376690651773,
        0.0005850774392144051,
        657663961557889.8,
        0.01419109922835243,
        0.026028331902372172,
        0.0
    ],
    "38": [
        -0.06516419259671145,
        -0.0375062213076585,
        0.0011905233789554462,
        8143164964168.445,
        0.06758591741524647,
        0.013991134609857167,
        0.0028269369933604195
    ],
    "39": [
        0.0,
        0.04591942416239449,
        0.0019256571035276742,
        698221090897.5557,
        0.015729377038993318,
        0.014738281546759857,
        0.006307097425248766
    ],
    "40": [
        0.04933083896963592,
        0.08887196461524942,
        3.962113788045764e-05,
        2.0888666666666668e+16,
        0.0,
        0.05527402677289903,
        0.0
    ],
    "42": [
        0.049903288689096624,
        0.16895930672652762,
        0.00019209546071169314,
        535899554000000.0,
        0.0,
        0.16369465971286065,
        0.0
    ],
    "44": [
        0.021865657682914506,
        0.07601246734392501,
        0.00024271424268570814,
        2761921631333333.0,
        0.0,
        0.006024364400201605,
        0.0
    ],
    "45": [
        0.016258280015039747,
        0.1380609114265047,
        0.0006043015295880054,
        4129920288888889.0,
        0.0,
        0.009015532406131246,
        0.005615814173125023
    ],
    "46": [
        0.06581359633971469,
        0.1087604432359601,
        0.0011095299390930405,
        1.5953958911555556e+16,
        0.0,
        0.049594852931735295,
        0.0
    ],
    "47": [
        0.009970160238129806,
        0.07938801409698884,
        0.0001562065442895973,
        217280040222222.2,
        0.0,
        0.03760996179627411,
        0.0
    ],
    "48": [
        0.007023169441595655,
        0.08477269992773429,
        0.0005528218322217114,
        238662378111111.12,
        0.0,
        0.01885245724282605,
        0.007545611249330902
    ],
    "49": [
        0.026252229174126184,
        0.07036898103942163,
        2.44056192877547e-05,
        3524198550666666.5,
        0.0,
        0.04590297916711199,
        0.0
    ],